,sym_1,sym_2,p_value,t_value,c_value,hedge_ratio,zero_crossings
55,ADAUSDT,ARKUSDT,0.01,-3.82,-3.37,7.64,24
162,AXSUSDT,DYDXUSDT,0.0,-5.3,-3.37,3.04,21
221,C98USDT,TOMIUSDT,0.0,-6.49,-3.37,1.58,20
809,ZENUSDT,CELOUSDT,0.02,-3.59,-3.37,23.11,20
171,BEAMUSDT,GODSUSDT,0.0,-6.01,-3.37,0.02,19
699,STPTUSDT,AERGOUSDT,0.03,-3.53,-3.37,0.37,18
643,PYTHUSDT,ROSEUSDT,0.0,-4.68,-3.37,0.91,18
711,THETAUSDT,AERGOUSDT,0.04,-3.44,-3.37,42.47,17
149,AVAXUSDT,ASTRUSDT,0.01,-3.88,-3.37,232.39,16
562,KNCUSDT,EDUUSDT,0.02,-3.64,-3.37,1.32,15
88,ALICEUSDT,TWTUSDT,0.01,-4.0,-3.37,5.52,15
735,WAVESUSDT,DYDXUSDT,0.04,-3.44,-3.37,0.62,15
802,ZECUSDT,CTSIUSDT,0.04,-3.42,-3.37,600.27,15
412,FILUSDT,MATICUSDT,0.0,-4.87,-3.37,37.4,14
163,AXSUSDT,GMXUSDT,0.02,-3.71,-3.37,1.8,14
354,DOTUSDT,OCEANUSDT,0.04,-3.47,-3.37,77.35,14
796,YFIIUSDT,ARBUSDT,0.03,-3.52,-3.37,351.37,14
493,GRTUSDT,CELRUSDT,0.0,-4.93,-3.37,4.92,14
471,GFTUSDT,OPUSDT,0.01,-3.78,-3.37,0.09,13
172,BEAMUSDT,XLMUSDT,0.02,-3.69,-3.37,0.02,13
603,NMRUSDT,ARKMUSDT,0.04,-3.4,-3.37,27.65,13
10,1INCHUSDT,AGLDUSDT,0.01,-4.05,-3.37,2.54,13
787,XNOUSDT,BATUSDT,0.0,-4.58,-3.37,2.06,13
518,IDUSDT,GMXUSDT,0.02,-3.76,-3.37,0.01,13
662,RNDRUSDT,LOOKSUSDT,0.0,-4.53,-3.37,1.16,13
583,MDTUSDT,CROUSDT,0.01,-3.95,-3.37,0.07,12
150,AVAXUSDT,BAKEUSDT,0.02,-3.6,-3.37,52.32,12
265,CHZUSDT,HFTUSDT,0.01,-4.06,-3.37,0.45,12
582,MDTUSDT,COTIUSDT,0.0,-6.97,-3.37,0.15,12
632,ORDIUSDT,ALPHAUSDT,0.0,-4.79,-3.37,26.71,12
405,FETUSDT,METISUSDT,0.0,-4.43,-3.37,0.01,12
614,OCEANUSDT,BEAMUSDT,0.02,-3.75,-3.37,54.82,11
605,NTRNUSDT,1INCHUSDT,0.04,-3.39,-3.37,0.12,11
136,ASTRUSDT,TOKENUSDT,0.0,-4.98,-3.37,7.34,11
125,ARKMUSDT,INJUSDT,0.03,-3.53,-3.37,0.28,11
468,GFTUSDT,JOEUSDT,0.03,-3.48,-3.37,0.19,11
780,XEMUSDT,MATICUSDT,0.0,-5.69,-3.37,0.11,11
262,CHZUSDT,BTCUSDT,0.03,-3.58,-3.37,0.0,11
803,ZECUSDT,LQTYUSDT,0.01,-3.97,-3.37,90.49,11
81,ALGOUSDT,GODSUSDT,0.0,-5.48,-3.37,5.27,11
723,VGXUSDT,AERGOUSDT,0.0,-5.69,-3.37,0.94,11
678,STEEMUSDT,ATOMUSDT,0.01,-4.03,-3.37,0.02,11
5,1CATUSDT,METISUSDT,0.03,-3.49,-3.37,0.0,11
138,ATAUSDT,XVSUSDT,0.04,-3.4,-3.37,0.02,10
786,XMRUSDT,COMPUSDT,0.03,-3.58,-3.37,0.45,10
701,STPTUSDT,ALPACAUSDT,0.0,-4.62,-3.37,0.39,10
702,STPTUSDT,ARBUSDT,0.01,-3.83,-3.37,0.05,10
390,ENSUSDT,STGUSDT,0.01,-3.9,-3.37,69.79,10
648,QIUSDT,CROUSDT,0.04,-3.45,-3.37,0.03,10
120,ARBUSDT,BNTUSDT,0.01,-4.01,-3.37,2.37,10
526,IOTAUSDT,GODSUSDT,0.04,-3.45,-3.37,3.86,9
404,FETUSDT,MEMEUSDT,0.01,-4.0,-3.37,20.82,9
127,ARKMUSDT,YFIUSDT,0.03,-3.54,-3.37,0.0,9
410,FILUSDT,ICXUSDT,0.03,-3.48,-3.37,72.69,9
91,ALPHAUSDT,API3USDT,0.04,-3.39,-3.37,0.08,9
19,1INCHUSDT,CVXUSDT,0.0,-4.15,-3.37,0.1,9
343,DOGEUSDT,OCEANUSDT,0.01,-4.02,-3.37,0.2,9
424,FXSUSDT,ENSUSDT,0.03,-3.47,-3.37,0.6,9
432,FXSUSDT,SILLYUSDT,0.0,-4.18,-3.37,250.0,9
672,SFPUSDT,LSKUSDT,0.0,-4.12,-3.37,1.78,9
817,ZILUSDT,AGLDUSDT,0.04,-3.44,-3.37,0.04,9
626,OPUSDT,AMBUSDT,0.03,-3.49,-3.37,138.39,9
797,YFIIUSDT,CELOUSDT,0.0,-4.3,-3.37,94.64,9
121,ARBUSDT,CYBERUSDT,0.04,-3.44,-3.37,0.3,8
105,ANKRUSDT,FUNUSDT,0.02,-3.76,-3.37,19.12,8
104,AMBUSDT,ORDIUSDT,0.02,-3.66,-3.37,0.0,8
344,DOGEUSDT,PENDLEUSDT,0.01,-3.98,-3.37,0.11,8
160,AXLUSDT,ZILUSDT,0.04,-3.45,-3.37,17.16,8
87,ALICEUSDT,JOEUSDT,0.02,-3.66,-3.37,19.95,8
123,ARKMUSDT,BTCUSDT,0.01,-3.93,-3.37,0.0,8
738,WAVESUSDT,KASUSDT,0.0,-4.21,-3.37,303.05,8
673,SFPUSDT,MASKUSDT,0.04,-3.38,-3.37,0.18,8
561,KNCUSDT,AGLDUSDT,0.04,-3.41,-3.37,1.36,8
768,XCNUSDT,ADAUSDT,0.01,-4.01,-3.37,0.0,8
477,GLMRUSDT,AKROUSDT,0.02,-3.7,-3.37,924.15,8
536,JSTUSDT,NMRUSDT,0.02,-3.76,-3.37,0.0,8
403,FETUSDT,MANAUSDT,0.0,-4.31,-3.37,0.16,8
652,RENUSDT,DGBUSDT,0.0,-4.89,-3.37,29.25,7
420,FTMUSDT,AGIUSDT,0.03,-3.56,-3.37,44.47,7
634,PEOPLEUSDT,ALICEUSDT,0.03,-3.49,-3.37,0.01,7
64,AGIXUSDT,CELRUSDT,0.02,-3.73,-3.37,3.06,7
514,ICXUSDT,ADAUSDT,0.05,-3.37,-3.37,0.36,7
100,AMBUSDT,BIGTIMEUSDT,0.04,-3.43,-3.37,0.04,7
144,AUCTIONUSDT,LSKUSDT,0.04,-3.47,-3.37,5.2,7
180,BLURUSDT,GPTUSDT,0.03,-3.47,-3.37,10.35,7
542,JSTUSDT,TRUUSDT,0.01,-4.08,-3.37,0.45,7
350,DOTUSDT,GODSUSDT,0.0,-4.48,-3.37,99.98,7
276,CKBUSDT,ORDIUSDT,0.0,-4.6,-3.37,0.0,7
258,CELOUSDT,AUCTIONUSDT,0.03,-3.5,-3.37,0.73,7
247,CAKEUSDT,OPUSDT,0.02,-3.66,-3.37,1.66,7
31,1INCHUSDT,ONGUSDT,0.04,-3.39,-3.37,6.62,7
53,ACEUSDT,WLDUSDT,0.01,-3.88,-3.37,6.36,7
34,1INCHUSDT,RAREUSDT,0.01,-3.84,-3.37,20.95,7
756,WAXPUSDT,SOLUSDT,0.04,-3.4,-3.37,0.0,7
472,GFTUSDT,OXTUSDT,0.0,-6.87,-3.37,1.59,7
795,YFIIUSDT,AERGOUSDT,0.01,-3.87,-3.37,2672.68,7
524,IMXUSDT,DYDXUSDT,0.01,-3.84,-3.37,0.36,7
266,CHZUSDT,JOEUSDT,0.0,-5.88,-3.37,0.54,7
659,REQUSDT,MULTIUSDT,0.0,-4.15,-3.37,0.18,7
1,1CATUSDT,AGLDUSDT,0.04,-3.46,-3.37,0.01,7
313,CTKUSDT,RPLUSDT,0.02,-3.71,-3.37,0.04,7
211,BONDUSDT,SUPERUSDT,0.02,-3.59,-3.37,10.81,7
124,ARKMUSDT,GODSUSDT,0.0,-4.2,-3.37,1.43,6
157,AXLUSDT,PHBUSDT,0.03,-3.5,-3.37,1.02,6
617,OCEANUSDT,BOBAUSDT,0.04,-3.46,-3.37,0.3,6
762,WSMUSDT,ORDIUSDT,0.01,-3.86,-3.37,0.0,6
255,CELOUSDT,AERGOUSDT,0.01,-3.96,-3.37,28.24,6
604,NMRUSDT,CROUSDT,0.04,-3.39,-3.37,18.11,6
601,MYRIAUSDT,LSKUSDT,0.03,-3.53,-3.37,0.01,6
227,CAKEUSDT,APTUSDT,0.03,-3.48,-3.37,0.24,6
640,PEOPLEUSDT,CELRUSDT,0.01,-3.78,-3.37,0.87,6
234,CAKEUSDT,FLMUSDT,0.03,-3.53,-3.37,12.51,6
43,1INCHUSDT,UMAUSDT,0.0,-4.65,-3.37,1.73,6
805,ZECUSDT,LSKUSDT,0.02,-3.7,-3.37,195.7,6
670,SEIUSDT,COREUSDT,0.0,-4.39,-3.37,0.05,6
217,BSVUSDT,KLAYUSDT,0.02,-3.71,-3.37,99.25,6
51,AAVEUSDT,TONUSDT,0.0,-11.94,-3.37,258.15,6
216,BSVUSDT,ICPUSDT,0.0,-4.44,-3.37,2.22,6
290,CTKUSDT,CROUSDT,0.02,-3.6,-3.37,2.2,6
304,CTKUSDT,METISUSDT,0.0,-4.11,-3.37,0.02,6
61,AGIUSDT,GODSUSDT,0.01,-3.82,-3.37,0.08,6
571,LITUSDT,AKROUSDT,0.01,-3.86,-3.37,980.36,6
715,TRXUSDT,BATUSDT,0.01,-3.87,-3.37,0.08,6
421,FTMUSDT,BAKEUSDT,0.0,-4.45,-3.37,1.12,6
478,GMTUSDT,ARKMUSDT,0.04,-3.41,-3.37,1.47,6
340,DOGEUSDT,MASKUSDT,0.04,-3.4,-3.37,0.01,6
650,QIUSDT,GODSUSDT,0.02,-3.61,-3.37,0.07,6
465,GFTUSDT,GODSUSDT,0.0,-4.84,-3.37,0.32,6
42,1INCHUSDT,TOMIUSDT,0.02,-3.65,-3.37,1.12,6
327,DATAUSDT,PEOPLEUSDT,0.02,-3.66,-3.37,0.62,5
269,CHZUSDT,PROMUSDT,0.01,-3.94,-3.37,0.08,5
245,CAKEUSDT,NFPUSDT,0.04,-3.39,-3.37,2.1,5
627,OPUSDT,BLURUSDT,0.01,-3.82,-3.37,1.15,5
341,DOGEUSDT,MNTUSDT,0.01,-3.77,-3.37,0.23,5
666,ROSEUSDT,BEAMUSDT,0.04,-3.41,-3.37,58.17,5
665,ROSEUSDT,APTUSDT,0.04,-3.42,-3.37,0.06,5
335,DOGEUSDT,CKBUSDT,0.04,-3.47,-3.37,6.66,5
330,DOGEUSDT,ALGOUSDT,0.01,-3.8,-3.37,0.05,5
282,CTKUSDT,ARUSDT,0.02,-3.69,-3.37,0.03,5
285,CTKUSDT,AXLUSDT,0.0,-4.21,-3.37,2.08,5
236,CAKEUSDT,GLMRUSDT,0.02,-3.75,-3.37,0.49,5
329,DODOUSDT,LOOKSUSDT,0.01,-3.93,-3.37,0.09,5
256,CELOUSDT,AGLDUSDT,0.02,-3.62,-3.37,4.51,5
663,ROSEUSDT,AGIUSDT,0.03,-3.48,-3.37,17.38,5
357,DYDXUSDT,AERGOUSDT,0.0,-5.06,-3.37,134.05,5
267,CHZUSDT,MNTUSDT,0.05,-3.37,-3.37,0.81,5
658,REQUSDT,LRCUSDT,0.05,-3.37,-3.37,0.17,5
237,CAKEUSDT,GPTUSDT,0.01,-4.05,-3.37,19.76,5
254,CELOUSDT,AAVEUSDT,0.04,-3.45,-3.37,0.01,5
657,REQUSDT,LOOKSUSDT,0.03,-3.52,-3.37,0.12,5
130,ARPAUSDT,ACHUSDT,0.02,-3.69,-3.37,1.82,5
13,1INCHUSDT,BCHUSDT,0.0,-4.2,-3.37,0.01,5
470,GFTUSDT,MATICUSDT,0.0,-5.17,-3.37,0.08,5
85,ALICEUSDT,DENTUSDT,0.0,-4.54,-3.37,3286.21,5
521,IDUSDT,XVSUSDT,0.01,-3.83,-3.37,0.11,5
474,GFTUSDT,TONUSDT,0.0,-8.63,-3.37,0.06,5
520,IDUSDT,WLDUSDT,0.0,-4.4,-3.37,0.21,5
109,ANTUSDT,JASMYUSDT,0.03,-3.58,-3.37,135.91,5
752,WAXPUSDT,MEMEUSDT,0.03,-3.57,-3.37,2.32,5
779,XEMUSDT,KSMUSDT,0.02,-3.72,-3.37,0.0,5
808,ZENUSDT,AGLDUSDT,0.01,-3.85,-3.37,104.2,5
118,APTUSDT,ORDIUSDT,0.0,-4.53,-3.37,0.62,5
66,AGIXUSDT,HFTUSDT,0.02,-3.66,-3.37,0.59,5
430,FXSUSDT,RADUSDT,0.02,-3.6,-3.37,19.48,5
804,ZECUSDT,LRCUSDT,0.01,-3.94,-3.37,83.9,5
748,WAXPUSDT,COREUSDT,0.0,-4.45,-3.37,0.02,5
47,AAVEUSDT,GODSUSDT,0.0,-5.15,-3.37,1327.08,5
798,YFIIUSDT,COTIUSDT,0.01,-4.1,-3.37,1273.11,5
729,VRAUSDT,LSKUSDT,0.04,-3.44,-3.37,0.0,4
498,GRTUSDT,JOEUSDT,0.03,-3.56,-3.37,1.13,4
452,GALAUSDT,JOEUSDT,0.01,-3.8,-3.37,0.15,4
455,GALAUSDT,PAXGUSDT,0.01,-3.98,-3.37,0.0,4
334,DOGEUSDT,BOBAUSDT,0.02,-3.61,-3.37,0.06,4
473,GFTUSDT,SILLYUSDT,0.01,-3.97,-3.37,0.89,4
337,DOGEUSDT,EOSUSDT,0.02,-3.65,-3.37,0.02,4
519,IDUSDT,PAXGUSDT,0.04,-3.43,-3.37,0.02,4
71,AGIXUSDT,RPLUSDT,0.01,-3.86,-3.37,0.01,4
314,CTKUSDT,SEIUSDT,0.0,-5.33,-3.37,10.23,4
312,CTKUSDT,RIFUSDT,0.01,-4.0,-3.37,14.18,4
37,1INCHUSDT,RPLUSDT,0.01,-3.96,-3.37,0.07,4
302,CTKUSDT,MDTUSDT,0.0,-4.71,-3.37,31.36,4
184,BLURUSDT,MTLUSDT,0.0,-4.17,-3.37,0.43,4
301,CTKUSDT,MAGICUSDT,0.01,-3.82,-3.37,2.63,4
749,WAXPUSDT,HIGHUSDT,0.04,-3.46,-3.37,0.01,4
250,CAKEUSDT,SOLUSDT,0.02,-3.63,-3.37,0.01,4
539,JSTUSDT,SNTUSDT,0.0,-4.49,-3.37,0.92,4
528,JOEUSDT,AERGOUSDT,0.03,-3.52,-3.37,3.52,4
613,OCEANUSDT,BCHUSDT,0.02,-3.61,-3.37,0.0,4
751,WAXPUSDT,JTOUSDT,0.04,-3.41,-3.37,0.02,4
251,CAKEUSDT,STORJUSDT,0.02,-3.67,-3.37,1.08,4
740,WAVESUSDT,ONGUSDT,0.03,-3.5,-3.37,34.69,4
636,PEOPLEUSDT,ASTRUSDT,0.01,-3.87,-3.37,0.48,4
538,JSTUSDT,RPLUSDT,0.01,-3.91,-3.37,0.0,4
140,ATOMUSDT,LINKUSDT,0.02,-3.65,-3.37,1.0,4
14,1INCHUSDT,BELUSDT,0.04,-3.42,-3.37,3.16,4
6,1CATUSDT,SILLYUSDT,0.03,-3.53,-3.37,0.08,4
541,JSTUSDT,STPTUSDT,0.0,-5.03,-3.37,0.75,4
153,AVAXUSDT,GODSUSDT,0.02,-3.69,-3.37,162.86,4
592,MOVRUSDT,ATOMUSDT,0.02,-3.75,-3.37,0.61,4
563,LDOUSDT,AERGOUSDT,0.02,-3.68,-3.37,9.48,3
500,GRTUSDT,LRCUSDT,0.03,-3.49,-3.37,0.23,3
503,HBARUSDT,COMPUSDT,0.04,-3.4,-3.37,0.0,3
299,CTKUSDT,LQTYUSDT,0.02,-3.6,-3.37,0.62,3
300,CTKUSDT,LSKUSDT,0.04,-3.41,-3.37,1.35,3
510,HNTUSDT,FLMUSDT,0.03,-3.49,-3.37,160.19,3
559,KDAUSDT,LRCUSDT,0.01,-3.98,-3.37,2.1,3
676,SNTUSDT,ADAUSDT,0.01,-3.87,-3.37,0.02,3
555,KAVAUSDT,ORDIUSDT,0.0,-5.26,-3.37,0.37,3
556,KDAUSDT,ARPAUSDT,0.02,-3.66,-3.37,90.44,3
534,JSTUSDT,KEYUSDT,0.02,-3.6,-3.37,5.78,3
288,CTKUSDT,BNTUSDT,0.03,-3.48,-3.37,3.12,3
533,JSTUSDT,IOTXUSDT,0.04,-3.43,-3.37,0.23,3
675,SLPUSDT,ALPACAUSDT,0.05,-3.38,-3.37,0.41,3
283,CTKUSDT,ASTRUSDT,0.04,-3.39,-3.37,6.81,3
271,CHZUSDT,XCNUSDT,0.04,-3.4,-3.37,305.6,3
551,KAVAUSDT,MATICUSDT,0.02,-3.65,-3.37,3.4,3
523,IMXUSDT,COREUSDT,0.04,-3.45,-3.37,2.48,3
530,JSTUSDT,ARKUSDT,0.02,-3.67,-3.37,0.16,3
529,JOEUSDT,AGIXUSDT,0.0,-4.79,-3.37,1.42,3
679,STEEMUSDT,BADGERUSDT,0.0,-5.42,-3.37,0.11,3
382,EGLDUSDT,TRUUSDT,0.01,-3.83,-3.37,2542.4,3
484,GMTUSDT,LOOKSUSDT,0.01,-3.97,-3.37,0.17,3
303,CTKUSDT,MEMEUSDT,0.02,-3.71,-3.37,79.78,3
408,FETUSDT,TOKENUSDT,0.0,-4.74,-3.37,13.04,3
437,GALAUSDT,ARKUSDT,0.01,-3.88,-3.37,0.33,3
593,MOVRUSDT,AUDIOUSDT,0.02,-3.7,-3.37,2.78,3
595,MOVRUSDT,BCHUSDT,0.0,-5.27,-3.37,0.02,3
426,FXSUSDT,HFTUSDT,0.04,-3.4,-3.37,44.76,3
642,PYTHUSDT,JOEUSDT,0.0,-5.19,-3.37,0.73,3
414,FILUSDT,WOOUSDT,0.04,-3.41,-3.37,368.76,3
413,FILUSDT,OMGUSDT,0.03,-3.55,-3.37,3.95,3
398,ETHWUSDT,BALUSDT,0.03,-3.55,-3.37,0.43,3
495,GRTUSDT,FTMUSDT,0.01,-3.84,-3.37,0.55,3
396,ETCUSDT,OGNUSDT,0.04,-3.42,-3.37,419.67,3
360,EGLDUSDT,BADGERUSDT,0.0,-4.63,-3.37,128.19,3
363,EGLDUSDT,CROUSDT,0.0,-4.12,-3.37,346.12,3
364,EGLDUSDT,ENJUSDT,0.01,-3.99,-3.37,112.05,3
615,OCEANUSDT,BLURUSDT,0.01,-3.91,-3.37,0.42,3
385,ENSUSDT,CELRUSDT,0.04,-3.44,-3.37,384.75,3
625,OPUSDT,AGIUSDT,0.0,-4.21,-3.37,44.64,3
585,MKRUSDT,ANTUSDT,0.03,-3.47,-3.37,244.98,3
649,QIUSDT,DODOUSDT,0.01,-3.78,-3.37,0.06,3
466,GFTUSDT,HOTUSDT,0.01,-3.82,-3.37,17.17,3
326,DATAUSDT,MATICUSDT,0.0,-4.22,-3.37,0.05,3
567,LDOUSDT,RAREUSDT,0.01,-4.09,-3.37,12.52,3
305,CTKUSDT,MULTIUSDT,0.02,-3.63,-3.37,0.63,3
306,CTKUSDT,NMRUSDT,0.01,-3.86,-3.37,0.12,3
307,CTKUSDT,NTRNUSDT,0.0,-4.25,-3.37,5.38,3
492,GRTUSDT,BTCUSDT,0.03,-3.56,-3.37,0.0,3
568,LDOUSDT,THETAUSDT,0.04,-3.38,-3.37,0.22,3
487,GMXUSDT,AERGOUSDT,0.03,-3.51,-3.37,226.31,3
661,RNDRUSDT,BSWUSDT,0.03,-3.59,-3.37,7.45,3
622,OCEANUSDT,DASHUSDT,0.02,-3.75,-3.37,0.0,3
483,GMTUSDT,GODSUSDT,0.04,-3.38,-3.37,2.09,3
480,GMTUSDT,BTCUSDT,0.01,-4.03,-3.37,0.0,3
479,GMTUSDT,ATOMUSDT,0.04,-3.45,-3.37,0.07,3
656,REQUSDT,CELRUSDT,0.02,-3.74,-3.37,3.56,3
653,REQUSDT,AGLDUSDT,0.01,-3.85,-3.37,0.46,3
325,DATAUSDT,DENTUSDT,0.02,-3.61,-3.37,20.36,3
263,CHZUSDT,DENTUSDT,0.03,-3.54,-3.37,88.68,3
546,JTOUSDT,COMBOUSDT,0.02,-3.7,-3.37,3.29,3
50,AAVEUSDT,SILLYUSDT,0.03,-3.54,-3.37,3682.04,3
747,WAXPUSDT,BADGERUSDT,0.0,-4.7,-3.37,0.02,3
755,WAXPUSDT,POWRUSDT,0.01,-3.88,-3.37,0.18,3
785,XMRUSDT,CELRUSDT,0.01,-3.94,-3.37,1528.96,3
75,ALGOUSDT,AKROUSDT,0.02,-3.6,-3.37,399.07,3
220,C98USDT,TOKENUSDT,0.01,-3.84,-3.37,111.74,3
811,ZENUSDT,KEYUSDT,0.0,-4.93,-3.37,13649.76,3
215,BSVUSDT,GODSUSDT,0.0,-4.18,-3.37,361.8,3
753,WAXPUSDT,NMRUSDT,0.04,-3.43,-3.37,0.0,3
139,ATOMUSDT,AERGOUSDT,0.03,-3.57,-3.37,64.2,3
141,ATOMUSDT,POWRUSDT,0.01,-3.87,-3.37,40.55,3
143,AUCTIONUSDT,IDEXUSDT,0.04,-3.43,-3.37,81.39,3
146,AUDIOUSDT,GODSUSDT,0.05,-3.37,-3.37,6.71,3
712,TOKENUSDT,AERGOUSDT,0.01,-3.81,-3.37,0.2,3
28,1INCHUSDT,MANAUSDT,0.02,-3.71,-3.37,0.96,3
72,AGIXUSDT,STGUSDT,0.02,-3.62,-3.37,0.55,3
151,AVAXUSDT,BELUSDT,0.0,-4.34,-3.37,67.65,3
758,WOOUSDT,BATUSDT,0.02,-3.67,-3.37,0.14,3
33,1INCHUSDT,QTUMUSDT,0.0,-4.86,-3.37,0.18,3
722,USTCUSDT,ASTRUSDT,0.0,-4.44,-3.37,0.22,3
724,VGXUSDT,ARBUSDT,0.0,-5.18,-3.37,0.12,3
68,AGIXUSDT,MATICUSDT,0.0,-4.99,-3.37,0.28,3
67,AGIXUSDT,ICXUSDT,0.02,-3.66,-3.37,0.54,3
159,AXLUSDT,TIAUSDT,0.01,-3.8,-3.37,0.34,3
161,AXSUSDT,AERGOUSDT,0.01,-4.0,-3.37,407.99,3
46,AAVEUSDT,BATUSDT,0.0,-4.15,-3.37,443.26,3
800,YGGUSDT,AKROUSDT,0.03,-3.55,-3.37,1686.53,3
164,AXSUSDT,ONGUSDT,0.02,-3.66,-3.37,169.9,3
181,BLURUSDT,LTCUSDT,0.03,-3.57,-3.37,0.02,3
734,WAVESUSDT,BADGERUSDT,0.01,-3.83,-3.37,6.78,3
58,AGIUSDT,AKROUSDT,0.02,-3.67,-3.37,5.99,3
739,WAVESUSDT,MANAUSDT,0.01,-3.94,-3.37,5.01,3
228,CAKEUSDT,BLURUSDT,0.03,-3.51,-3.37,1.91,3
214,BSVUSDT,BCHUSDT,0.02,-3.63,-3.37,0.45,3
117,APTUSDT,LEVERUSDT,0.01,-4.03,-3.37,6672.36,3
3,1CATUSDT,FORTHUSDT,0.01,-3.86,-3.37,0.0,3
7,1CATUSDT,WLDUSDT,0.02,-3.71,-3.37,0.0,3
761,WSMUSDT,ONTUSDT,0.0,-5.17,-3.37,0.11,3
248,CAKEUSDT,QNTUSDT,0.04,-3.39,-3.37,0.02,3
102,AMBUSDT,GLMRUSDT,0.02,-3.68,-3.37,0.0,3
778,XEMUSDT,KEYUSDT,0.03,-3.48,-3.37,20.69,3
249,CAKEUSDT,ROSEUSDT,0.01,-3.9,-3.37,4.28,3
90,ALPACAUSDT,METISUSDT,0.01,-3.98,-3.37,0.0,3
241,CAKEUSDT,MINAUSDT,0.02,-3.72,-3.37,0.71,3
89,ALICEUSDT,XCNUSDT,0.0,-4.52,-3.37,11319.5,3
11,1INCHUSDT,BADGERUSDT,0.01,-3.84,-3.37,1.29,3
95,ALPHAUSDT,GLMRUSDT,0.01,-4.0,-3.37,0.12,3
229,CAKEUSDT,BONDUSDT,0.02,-3.72,-3.37,0.56,3
232,CAKEUSDT,EOSUSDT,0.04,-3.39,-3.37,0.54,3
83,ALGOUSDT,MTLUSDT,0.0,-5.63,-3.37,0.74,3
362,EGLDUSDT,COMBOUSDT,0.04,-3.41,-3.37,269.09,2
440,GALAUSDT,BNTUSDT,0.02,-3.68,-3.37,0.17,2
485,GMTUSDT,PAXGUSDT,0.04,-3.46,-3.37,0.04,2
156,AXLUSDT,MATICUSDT,0.01,-3.99,-3.37,0.54,2
370,EGLDUSDT,KNCUSDT,0.02,-3.64,-3.37,185.25,2
368,EGLDUSDT,IOSTUSDT,0.01,-3.97,-3.37,4888.77,2
445,GALAUSDT,ENJUSDT,0.02,-3.7,-3.37,0.04,2
438,GALAUSDT,AUDIOUSDT,0.03,-3.52,-3.37,0.04,2
62,AGIUSDT,KEYUSDT,0.0,-4.43,-3.37,3.45,2
361,EGLDUSDT,C98USDT,0.0,-4.39,-3.37,70.37,2
794,YFIIUSDT,1INCHUSDT,0.01,-3.93,-3.37,167.97,2
356,DOTUSDT,OXTUSDT,0.0,-13.15,-3.37,496.66,2
165,AXSUSDT,THETAUSDT,0.04,-3.43,-3.37,9.61,2
447,GALAUSDT,HFTUSDT,0.01,-3.8,-3.37,0.13,2
436,GALAUSDT,1INCHUSDT,0.03,-3.59,-3.37,0.03,2
444,GALAUSDT,EGLDUSDT,0.01,-3.85,-3.37,0.0,2
439,GALAUSDT,AXSUSDT,0.03,-3.55,-3.37,0.0,2
380,EGLDUSDT,RPLUSDT,0.02,-3.66,-3.37,6.58,2
449,GALAUSDT,ILVUSDT,0.02,-3.64,-3.37,0.0,2
457,GALAUSDT,STEEMUSDT,0.02,-3.6,-3.37,0.42,2
757,WAXPUSDT,STEEMUSDT,0.0,-4.84,-3.37,0.22,2
579,MATICUSDT,AERGOUSDT,0.0,-7.84,-3.37,8.87,2
400,FETUSDT,ARBUSDT,0.0,-4.33,-3.37,0.34,2
463,GALAUSDT,YFIUSDT,0.02,-3.71,-3.37,0.0,2
462,GALAUSDT,YFIIUSDT,0.04,-3.39,-3.37,0.0,2
442,GALAUSDT,CELOUSDT,0.02,-3.62,-3.37,0.02,2
133,ASTRUSDT,ARBUSDT,0.04,-3.41,-3.37,0.19,2
459,GALAUSDT,TIAUSDT,0.0,-4.85,-3.37,0.04,2
750,WAXPUSDT,HOOKUSDT,0.02,-3.74,-3.37,0.02,2
377,EGLDUSDT,QTUMUSDT,0.02,-3.62,-3.37,17.94,2
618,OCEANUSDT,CEEKUSDT,0.0,-4.46,-3.37,1.75,2
454,GALAUSDT,OMGUSDT,0.04,-3.46,-3.37,0.01,2
69,AGIXUSDT,MAVUSDT,0.03,-3.56,-3.37,0.94,2
383,EGLDUSDT,VETUSDT,0.01,-4.0,-3.37,1994.15,2
451,GALAUSDT,INJUSDT,0.03,-3.5,-3.37,0.05,2
381,EGLDUSDT,TOMIUSDT,0.02,-3.69,-3.37,110.94,2
378,EGLDUSDT,RADUSDT,0.02,-3.7,-3.37,163.31,2
450,GALAUSDT,IMXUSDT,0.03,-3.48,-3.37,0.01,2
352,DOTUSDT,MATICUSDT,0.0,-4.64,-3.37,23.55,2
682,STEEMUSDT,COREUSDT,0.0,-10.84,-3.37,0.07,2
173,BLURUSDT,AKROUSDT,0.03,-3.59,-3.37,234.79,2
813,ZENUSDT,MATICUSDT,0.01,-3.77,-3.37,73.53,2
29,1INCHUSDT,MAVUSDT,0.0,-4.15,-3.37,6.04,2
317,CYBERUSDT,AERGOUSDT,0.0,-5.95,-3.37,25.58,2
26,1INCHUSDT,LINAUSDT,0.03,-3.54,-3.37,103.64,2
25,1INCHUSDT,JASMYUSDT,0.0,-4.33,-3.37,47.86,2
708,SUNUSDT,SCRTUSDT,0.0,-24.86,-3.37,0.0,2
707,SUNUSDT,RSRUSDT,0.0,-26.83,-3.37,2.6,2
213,BSVUSDT,ARPAUSDT,0.02,-3.76,-3.37,1883.9,2
222,C98USDT,TONUSDT,0.0,-7.34,-3.37,2.08,2
664,ROSEUSDT,ANTUSDT,0.03,-3.56,-3.37,0.06,2
226,CAKEUSDT,API3USDT,0.01,-3.89,-3.37,0.31,2
667,RUNEUSDT,ILVUSDT,0.02,-3.73,-3.37,0.01,2
20,1INCHUSDT,DGBUSDT,0.02,-3.63,-3.37,77.91,2
527,JOEUSDT,AAVEUSDT,0.0,-4.38,-3.37,0.0,2
814,ZENUSDT,MBLUSDT,0.03,-3.58,-3.37,19558.77,2
807,ZENUSDT,AERGOUSDT,0.0,-4.28,-3.37,652.76,2
16,1INCHUSDT,COMBOUSDT,0.0,-5.26,-3.37,2.72,2
674,SFPUSDT,MATICUSDT,0.0,-4.18,-3.37,1.48,2
12,1INCHUSDT,BANDUSDT,0.03,-3.54,-3.37,0.66,2
281,CTKUSDT,ARBUSDT,0.01,-4.01,-3.37,1.31,2
9,1INCHUSDT,AERGOUSDT,0.0,-4.33,-3.37,15.9,2
243,CAKEUSDT,MTLUSDT,0.04,-3.44,-3.37,0.83,2
275,CKBUSDT,MATICUSDT,0.0,-4.29,-3.37,0.01,2
680,STEEMUSDT,BALUSDT,0.01,-4.06,-3.37,0.01,2
681,STEEMUSDT,COMBOUSDT,0.01,-3.98,-3.37,0.22,2
683,STEEMUSDT,CTKUSDT,0.0,-6.78,-3.37,0.13,2
684,STEEMUSDT,CVXUSDT,0.04,-3.41,-3.37,0.01,2
252,CAKEUSDT,SUSHIUSDT,0.04,-3.39,-3.37,0.31,2
543,JSTUSDT,TUSDT,0.01,-3.86,-3.37,1.32,2
718,TRXUSDT,MATICUSDT,0.0,-4.96,-3.37,0.06,2
706,SUNUSDT,CTCUSDT,0.0,-12.48,-3.37,0.01,2
505,HNTUSDT,ATOMUSDT,0.02,-3.63,-3.37,2.45,2
176,BLURUSDT,BLZUSDT,0.01,-3.87,-3.37,7.5,2
507,HNTUSDT,EGLDUSDT,0.04,-3.41,-3.37,0.1,2
726,VRAUSDT,GODSUSDT,0.0,-4.51,-3.37,0.02,2
38,1INCHUSDT,SOLUSDT,0.03,-3.59,-3.37,0.02,2
36,1INCHUSDT,RLCUSDT,0.01,-4.01,-3.37,1.42,2
506,HNTUSDT,BTCUSDT,0.01,-3.8,-3.37,0.0,2
186,BLURUSDT,OGNUSDT,0.0,-4.74,-3.37,9.67,2
641,PEOPLEUSDT,COTIUSDT,0.01,-3.8,-3.37,0.34,2
35,1INCHUSDT,RIFUSDT,0.02,-3.71,-3.37,22.6,2
174,BLURUSDT,ANTUSDT,0.0,-4.39,-3.37,0.14,2
639,PEOPLEUSDT,BELUSDT,0.0,-4.43,-3.37,0.14,2
508,HNTUSDT,ETCUSDT,0.0,-4.21,-3.37,0.56,2
581,MDTUSDT,AERGOUSDT,0.02,-3.61,-3.37,0.32,1
801,ZECUSDT,BAKEUSDT,0.04,-3.46,-3.37,222.24,1
550,KAVAUSDT,ETHUSDT,0.02,-3.63,-3.37,0.0,1
580,MDTUSDT,1CATUSDT,0.02,-3.67,-3.37,5.54,1
815,ZENUSDT,MEMEUSDT,0.03,-3.54,-3.37,5217.34,1
549,KAVAUSDT,DASHUSDT,0.01,-3.89,-3.37,0.03,1
777,XEMUSDT,GPTUSDT,0.03,-3.55,-3.37,1.58,1
584,MKRUSDT,AKROUSDT,0.01,-3.95,-3.37,408812.56,1
564,LDOUSDT,ATAUSDT,0.01,-3.83,-3.37,19.33,1
570,LDOUSDT,XVSUSDT,0.0,-5.73,-3.37,0.37,1
548,KAVAUSDT,AMBUSDT,0.01,-3.81,-3.37,565.22,1
816,ZENUSDT,OMGUSDT,0.02,-3.6,-3.37,7.76,1
799,YFIIUSDT,DYDXUSDT,0.01,-3.89,-3.37,19.93,1
793,XTZUSDT,AGLDUSDT,0.0,-4.75,-3.37,2.11,1
586,MOVRUSDT,AGIUSDT,0.02,-3.63,-3.37,236.32,1
565,LDOUSDT,FLOWUSDT,0.03,-3.56,-3.37,0.12,1
547,KASUSDT,ALPHAUSDT,0.03,-3.59,-3.37,0.09,1
818,ZRXUSDT,BATUSDT,0.02,-3.74,-3.37,0.76,1
569,LDOUSDT,WLDUSDT,0.01,-3.81,-3.37,0.71,1
806,ZECUSDT,ORBSUSDT,0.04,-3.4,-3.37,7148.79,1
781,XEMUSDT,RDNTUSDT,0.04,-3.45,-3.37,0.4,1
792,XRPUSDT,XCNUSDT,0.02,-3.63,-3.37,1467.12,1
574,LQTYUSDT,COMPUSDT,0.01,-3.89,-3.37,0.01,1
790,XNOUSDT,DOTUSDT,0.0,-4.96,-3.37,0.06,1
554,KAVAUSDT,NFPUSDT,0.01,-4.07,-3.37,5.14,1
558,KDAUSDT,GODSUSDT,0.0,-5.47,-3.37,17.35,1
810,ZENUSDT,CROUSDT,0.0,-4.19,-3.37,143.63,1
789,XNOUSDT,CVXUSDT,0.01,-3.87,-3.37,0.08,1
553,KAVAUSDT,MNTUSDT,0.03,-3.58,-3.37,12.89,1
573,LOOMUSDT,FLMUSDT,0.02,-3.64,-3.37,0.67,1
560,KDAUSDT,MASKUSDT,0.04,-3.47,-3.37,0.5,1
575,LSKUSDT,AAVEUSDT,0.03,-3.56,-3.37,0.0,1
566,LDOUSDT,FORTHUSDT,0.01,-3.97,-3.37,0.54,1
576,LUNA2USDT,APEUSDT,0.03,-3.47,-3.37,0.49,1
788,XNOUSDT,BCHUSDT,0.0,-4.37,-3.37,0.01,1
812,ZENUSDT,LSKUSDT,0.05,-3.37,-3.37,88.16,1
552,KAVAUSDT,MINAUSDT,0.02,-3.75,-3.37,1.73,1
784,XMRUSDT,ARPAUSDT,0.0,-5.55,-3.37,3092.52,1
572,LOOMUSDT,BTCUSDT,0.03,-3.49,-3.37,0.0,1
783,XLMUSDT,ANTUSDT,0.03,-3.52,-3.37,0.05,1
577,LUNA2USDT,BTCUSDT,0.0,-4.22,-3.37,0.0,1
782,XLMUSDT,AKROUSDT,0.01,-3.84,-3.37,77.47,1
578,LUNA2USDT,DGBUSDT,0.0,-6.53,-3.37,174.05,1
791,XRPUSDT,PROMUSDT,0.01,-3.9,-3.37,0.39,1
557,KDAUSDT,BATUSDT,0.0,-4.34,-3.37,5.8,1
587,MOVRUSDT,AGIXUSDT,0.02,-3.66,-3.37,15.69,1
686,STMXUSDT,1INCHUSDT,0.0,-7.07,-3.37,0.0,1
588,MOVRUSDT,AGLDUSDT,0.0,-4.15,-3.37,6.22,1
728,VRAUSDT,KASUSDT,0.03,-3.53,-3.37,0.12,1
716,TRXUSDT,GODSUSDT,0.0,-4.49,-3.37,0.25,1
717,TRXUSDT,LRCUSDT,0.04,-3.38,-3.37,0.03,1
655,REQUSDT,BSVUSDT,0.04,-3.39,-3.37,0.0,1
654,REQUSDT,BATUSDT,0.0,-4.64,-3.37,0.46,1
719,TUSDT,BSWUSDT,0.04,-3.39,-3.37,0.05,1
720,UNIUSDT,ETHUSDT,0.01,-3.8,-3.37,0.01,1
651,RENUSDT,CELOUSDT,0.03,-3.57,-3.37,0.21,1
721,UNIUSDT,MATICUSDT,0.01,-3.95,-3.37,12.73,1
725,VRAUSDT,ARPAUSDT,0.01,-3.85,-3.37,0.08,1
727,VRAUSDT,JOEUSDT,0.0,-5.4,-3.37,0.01,1
730,VRAUSDT,MATICUSDT,0.0,-5.34,-3.37,0.0,1
713,TRBUSDT,ACHUSDT,0.05,-3.37,-3.37,343.65,1
647,QIUSDT,CELRUSDT,0.0,-4.53,-3.37,0.18,1
731,VRAUSDT,MOVRUSDT,0.01,-4.09,-3.37,0.0,1
646,QIUSDT,BSWUSDT,0.01,-3.79,-3.37,0.04,1
732,VRAUSDT,RADUSDT,0.01,-3.77,-3.37,0.0,1
645,QIUSDT,BATUSDT,0.03,-3.59,-3.37,0.02,1
644,QIUSDT,ATOMUSDT,0.04,-3.4,-3.37,0.0,1
733,VRAUSDT,RENUSDT,0.01,-3.77,-3.37,0.01,1
736,WAVESUSDT,HIGHUSDT,0.0,-4.16,-3.37,4.14,1
737,WAVESUSDT,JTOUSDT,0.03,-3.53,-3.37,4.31,1
638,PEOPLEUSDT,AVAXUSDT,0.0,-4.71,-3.37,0.0,1
714,TRUUSDT,AAVEUSDT,0.04,-3.42,-3.37,0.0,1
710,SXPUSDT,API3USDT,0.0,-4.36,-3.37,0.35,1
776,XEMUSDT,GODSUSDT,0.0,-4.59,-3.37,0.47,1
695,STMXUSDT,STPTUSDT,0.03,-3.48,-3.37,0.0,1
688,STMXUSDT,ATAUSDT,0.0,-4.35,-3.37,0.0,1
685,STEEMUSDT,FORTHUSDT,0.03,-3.54,-3.37,0.07,1
689,STMXUSDT,ATOMUSDT,0.0,-4.88,-3.37,0.0,1
690,STMXUSDT,ENJUSDT,0.0,-5.23,-3.37,0.0,1
545,JSTUSDT,WOOUSDT,0.0,-4.41,-3.37,0.31,1
691,STMXUSDT,GMXUSDT,0.02,-3.76,-3.37,0.0,1
692,STMXUSDT,OGUSDT,0.01,-3.83,-3.37,0.0,1
677,SNTUSDT,ARPAUSDT,0.02,-3.63,-3.37,0.75,1
693,STMXUSDT,ONGUSDT,0.01,-3.8,-3.37,0.0,1
694,STMXUSDT,RIFUSDT,0.0,-4.81,-3.37,0.0,1
696,STMXUSDT,WAXPUSDT,0.03,-3.51,-3.37,0.0,1
660,RNDRUSDT,BATUSDT,0.03,-3.5,-3.37,4.64,1
697,STMXUSDT,XVSUSDT,0.04,-3.42,-3.37,0.0,1
698,STPTUSDT,ADAUSDT,0.04,-3.4,-3.37,0.03,1
700,STPTUSDT,AKROUSDT,0.01,-3.89,-3.37,13.37,1
671,SFPUSDT,ARKUSDT,0.02,-3.66,-3.37,7.83,1
669,SANDUSDT,BADGERUSDT,0.0,-5.62,-3.37,0.57,1
668,RUNEUSDT,SANDUSDT,0.0,-4.8,-3.37,11.12,1
703,STPTUSDT,ARKUSDT,0.02,-3.75,-3.37,0.22,1
704,STPTUSDT,ARPAUSDT,0.01,-3.93,-3.37,0.92,1
705,STPTUSDT,ATOMUSDT,0.01,-3.95,-3.37,0.01,1
709,SXPUSDT,ANTUSDT,0.0,-4.23,-3.37,0.3,1
637,PEOPLEUSDT,AUDIOUSDT,0.01,-3.87,-3.37,0.05,1
741,WAVESUSDT,POLYXUSDT,0.04,-3.42,-3.37,50.57,1
635,PEOPLEUSDT,ARKUSDT,0.01,-4.03,-3.37,0.42,1
597,MOVRUSDT,C98USDT,0.0,-6.25,-3.37,1.74,1
763,XCNUSDT,1CATUSDT,0.0,-4.72,-3.37,0.11,1
764,XCNUSDT,1INCHUSDT,0.03,-3.54,-3.37,0.0,1
765,XCNUSDT,AAVEUSDT,0.0,-4.47,-3.37,0.0,1
602,NKNUSDT,ANTUSDT,0.03,-3.48,-3.37,0.02,1
766,XCNUSDT,ACEUSDT,0.01,-3.8,-3.37,0.0,1
600,MULTIUSDT,ARPAUSDT,0.02,-3.73,-3.37,39.63,1
599,MOVRUSDT,CVXUSDT,0.0,-4.6,-3.37,0.25,1
767,XCNUSDT,ACHUSDT,0.03,-3.51,-3.37,0.03,1
769,XCNUSDT,AGIUSDT,0.01,-3.97,-3.37,0.04,1
598,MOVRUSDT,CRVUSDT,0.04,-3.46,-3.37,1.59,1
770,XCNUSDT,AGLDUSDT,0.0,-4.26,-3.37,0.0,1
742,WAVESUSDT,RAREUSDT,0.0,-5.85,-3.37,109.37,1
596,MOVRUSDT,BSWUSDT,0.04,-3.46,-3.37,10.01,1
771,XCNUSDT,AKROUSDT,0.0,-4.26,-3.37,0.22,1
594,MOVRUSDT,BAKEUSDT,0.03,-3.58,-3.37,5.96,1
772,XEMUSDT,ALPHAUSDT,0.03,-3.56,-3.37,0.33,1
773,XEMUSDT,BIGTIMEUSDT,0.04,-3.45,-3.37,0.78,1
774,XEMUSDT,ETHUSDT,0.02,-3.59,-3.37,0.0,1
775,XEMUSDT,GLMRUSDT,0.01,-3.8,-3.37,0.04,1
591,MOVRUSDT,ASTRUSDT,0.04,-3.45,-3.37,26.5,1
590,MOVRUSDT,ANTUSDT,0.02,-3.6,-3.37,0.84,1
589,MOVRUSDT,AKROUSDT,0.04,-3.42,-3.37,1404.76,1
760,WSMUSDT,MATICUSDT,0.0,-4.29,-3.37,0.02,1
759,WSMUSDT,ETHUSDT,0.03,-3.57,-3.37,0.0,1
606,OCEANUSDT,AKROUSDT,0.0,-4.19,-3.37,97.75,1
607,OCEANUSDT,ALPHAUSDT,0.01,-3.97,-3.37,0.89,1
633,PEOPLEUSDT,1CATUSDT,0.04,-3.46,-3.37,12.24,1
743,WAVESUSDT,TOKENUSDT,0.0,-4.49,-3.37,414.91,1
631,ORDIUSDT,ALGOUSDT,0.01,-4.01,-3.37,7.32,1
630,ORDIUSDT,AAVEUSDT,0.04,-3.38,-3.37,0.03,1
629,ORBSUSDT,AERGOUSDT,0.04,-3.45,-3.37,0.2,1
628,OPUSDT,BTCUSDT,0.01,-3.96,-3.37,0.0,1
744,WAVESUSDT,VRAUSDT,0.01,-3.81,-3.37,2509.52,1
745,WAXPUSDT,ATAUSDT,0.04,-3.38,-3.37,0.59,1
624,OGUSDT,BALUSDT,0.0,-4.12,-3.37,0.29,1
623,OGUSDT,ATOMUSDT,0.03,-3.53,-3.37,0.44,1
746,WAXPUSDT,AXSUSDT,0.03,-3.54,-3.37,0.0,1
621,OCEANUSDT,CVCUSDT,0.04,-3.41,-3.37,1.04,1
620,OCEANUSDT,CRVUSDT,0.01,-3.99,-3.37,0.11,1
619,OCEANUSDT,CKBUSDT,0.02,-3.67,-3.37,33.82,1
616,OCEANUSDT,BLZUSDT,0.02,-3.61,-3.37,3.13,1
612,OCEANUSDT,BANDUSDT,0.03,-3.51,-3.37,0.11,1
611,OCEANUSDT,BAKEUSDT,0.04,-3.38,-3.37,0.41,1
610,OCEANUSDT,APTUSDT,0.02,-3.64,-3.37,0.05,1
609,OCEANUSDT,API3USDT,0.0,-5.46,-3.37,0.07,1
608,OCEANUSDT,AMBUSDT,0.01,-4.09,-3.37,50.49,1
687,STMXUSDT,AERGOUSDT,0.0,-4.66,-3.37,0.0,1
754,WAXPUSDT,PAXGUSDT,0.0,-4.8,-3.37,0.0,1
0,1CATUSDT,AERGOUSDT,0.01,-4.0,-3.37,0.06,1
544,JSTUSDT,VGXUSDT,0.04,-3.45,-3.37,0.29,1
191,BNXUSDT,BSWUSDT,0.02,-3.65,-3.37,2.94,1
183,BLURUSDT,MKRUSDT,0.03,-3.54,-3.37,0.0,1
185,BLURUSDT,NEOUSDT,0.01,-3.85,-3.37,0.05,1
187,BNXUSDT,ANTUSDT,0.0,-5.29,-3.37,0.3,1
188,BNXUSDT,ARPAUSDT,0.0,-6.19,-3.37,27.43,1
189,BNXUSDT,ATAUSDT,0.01,-3.82,-3.37,23.45,1
190,BNXUSDT,ATOMUSDT,0.0,-7.68,-3.37,0.18,1
192,BNXUSDT,COMPUSDT,0.04,-3.44,-3.37,0.0,1
137,ASTRUSDT,TOMIUSDT,0.0,-5.55,-3.37,0.1,1
193,BNXUSDT,COREUSDT,0.0,-4.24,-3.37,0.69,1
194,BNXUSDT,ENJUSDT,0.01,-3.95,-3.37,0.89,1
195,BNXUSDT,FTMUSDT,0.01,-3.93,-3.37,1.6,1
196,BNXUSDT,GMXUSDT,0.01,-3.89,-3.37,0.05,1
197,BNXUSDT,GODSUSDT,0.0,-4.34,-3.37,5.56,1
198,BNXUSDT,IOTXUSDT,0.01,-4.07,-3.37,10.26,1
182,BLURUSDT,MATICUSDT,0.0,-5.43,-3.37,0.72,1
179,BLURUSDT,GODSUSDT,0.01,-4.0,-3.37,3.07,1
178,BLURUSDT,ETHUSDT,0.01,-3.86,-3.37,0.0,1
177,BLURUSDT,CEEKUSDT,0.0,-4.44,-3.37,4.16,1
175,BLURUSDT,BCHUSDT,0.0,-4.14,-3.37,0.0,1
170,BEAMUSDT,ETHUSDT,0.0,-4.11,-3.37,0.0,1
169,BALUSDT,XTZUSDT,0.02,-3.67,-3.37,7.46,1
168,BALUSDT,TRBUSDT,0.01,-3.93,-3.37,1.29,1
167,BALUSDT,STRAXUSDT,0.03,-3.57,-3.37,20.52,1
166,BAKEUSDT,ARPAUSDT,0.02,-3.75,-3.37,16.08,1
158,AXLUSDT,QTUMUSDT,0.02,-3.64,-3.37,0.05,1
155,AVAXUSDT,TONUSDT,0.0,-10.56,-3.37,31.59,1
154,AVAXUSDT,MBLUSDT,0.01,-3.92,-3.37,10194.06,1
152,AVAXUSDT,EDUUSDT,0.04,-3.43,-3.37,52.68,1
148,AUDIOUSDT,RDNTUSDT,0.03,-3.53,-3.37,5.72,1
147,AUDIOUSDT,LPTUSDT,0.03,-3.47,-3.37,0.04,1
145,AUCTIONUSDT,ORBSUSDT,0.04,-3.44,-3.37,190.13,1
199,BNXUSDT,LINKUSDT,0.02,-3.6,-3.37,0.17,1
200,BNXUSDT,OGUSDT,0.0,-5.54,-3.37,1.49,1
201,BNXUSDT,ONGUSDT,0.0,-5.23,-3.37,4.89,1
231,CAKEUSDT,DASHUSDT,0.0,-4.13,-3.37,0.01,1
264,CHZUSDT,FLMUSDT,0.01,-3.96,-3.37,1.92,1
261,CFXUSDT,JOEUSDT,0.0,-5.44,-3.37,0.45,1
260,CFXUSDT,ARUSDT,0.01,-3.99,-3.37,0.0,1
259,CELOUSDT,CROUSDT,0.0,-4.14,-3.37,6.21,1
257,CELOUSDT,ARPAUSDT,0.01,-3.94,-3.37,70.27,1
253,CAKEUSDT,SXPUSDT,0.0,-4.13,-3.37,0.88,1
246,CAKEUSDT,NKNUSDT,0.04,-3.39,-3.37,16.43,1
244,CAKEUSDT,NEARUSDT,0.03,-3.58,-3.37,0.27,1
242,CAKEUSDT,MNTUSDT,0.02,-3.68,-3.37,5.24,1
240,CAKEUSDT,MATICUSDT,0.03,-3.51,-3.37,1.38,1
239,CAKEUSDT,KSMUSDT,0.01,-4.07,-3.37,0.01,1
238,CAKEUSDT,KLAYUSDT,0.01,-3.77,-3.37,1.61,1
235,CAKEUSDT,GASUSDT,0.04,-3.47,-3.37,0.53,1
233,CAKEUSDT,ETHUSDT,0.03,-3.57,-3.37,0.0,1
230,CAKEUSDT,BTCUSDT,0.0,-4.64,-3.37,0.0,1
202,BNXUSDT,PERPUSDT,0.04,-3.39,-3.37,2.81,1
225,CAKEUSDT,ALICEUSDT,0.04,-3.39,-3.37,0.17,1
224,CAKEUSDT,ALGOUSDT,0.02,-3.72,-3.37,1.12,1
223,CAKEUSDT,AKROUSDT,0.03,-3.58,-3.37,447.21,1
219,BSWUSDT,BAKEUSDT,0.01,-4.05,-3.37,0.6,1
218,BSVUSDT,MTLUSDT,0.04,-3.45,-3.37,50.74,1
212,BONDUSDT,XCNUSDT,0.03,-3.49,-3.37,3539.78,1
210,BNXUSDT,XTZUSDT,0.02,-3.7,-3.37,0.84,1
209,BNXUSDT,TOMIUSDT,0.0,-4.31,-3.37,0.82,1
208,BNXUSDT,STPTUSDT,0.0,-6.24,-3.37,31.49,1
207,BNXUSDT,SSVUSDT,0.03,-3.5,-3.37,0.05,1
206,BNXUSDT,SLPUSDT,0.0,-4.11,-3.37,29.22,1
205,BNXUSDT,SANDUSDT,0.0,-4.51,-3.37,2.38,1
204,BNXUSDT,RPLUSDT,0.02,-3.66,-3.37,0.05,1
203,BNXUSDT,RIFUSDT,0.0,-4.47,-3.37,16.76,1
142,ATOMUSDT,TRUUSDT,0.03,-3.57,-3.37,103.63,1
135,ASTRUSDT,SSVUSDT,0.0,-4.96,-3.37,0.01,1
540,JSTUSDT,STGUSDT,0.04,-3.47,-3.37,0.06,1
57,ADAUSDT,LSKUSDT,0.03,-3.54,-3.37,1.72,1
45,1INCHUSDT,XVSUSDT,0.02,-3.62,-3.37,0.61,1
48,AAVEUSDT,KEYUSDT,0.0,-4.32,-3.37,57927.9,1
49,AAVEUSDT,MASKUSDT,0.04,-3.42,-3.37,38.36,1
52,ACEUSDT,FLOWUSDT,0.04,-3.38,-3.37,1.04,1
54,ACHUSDT,SUIUSDT,0.04,-3.4,-3.37,0.03,1
56,ADAUSDT,IOSTUSDT,0.01,-3.79,-3.37,39.66,1
59,AGIUSDT,ARPAUSDT,0.05,-3.37,-3.37,0.41,1
134,ASTRUSDT,SNTUSDT,0.02,-3.65,-3.37,4.85,1
60,AGIUSDT,ETHUSDT,0.02,-3.66,-3.37,0.0,1
63,AGIUSDT,OXTUSDT,0.0,-12.81,-3.37,0.39,1
65,AGIXUSDT,DGBUSDT,0.0,-4.92,-3.37,12.18,1
70,AGIXUSDT,PERPUSDT,0.01,-3.95,-3.37,0.5,1
73,AGIXUSDT,TONUSDT,0.0,-7.4,-3.37,0.23,1
74,AGIXUSDT,USDCUSDT,0.01,-3.92,-3.37,0.42,1
44,1INCHUSDT,VETUSDT,0.01,-4.07,-3.37,20.11,1
41,1INCHUSDT,TIAUSDT,0.01,-3.85,-3.37,1.13,1
40,1INCHUSDT,STRAXUSDT,0.0,-4.18,-3.37,3.28,1
39,1INCHUSDT,SSVUSDT,0.02,-3.71,-3.37,0.07,1
32,1INCHUSDT,POLYXUSDT,0.0,-4.6,-3.37,9.71,1
30,1INCHUSDT,OMGUSDT,0.04,-3.42,-3.37,0.19,1
27,1INCHUSDT,LINKUSDT,0.0,-4.5,-3.37,0.25,1
24,1INCHUSDT,HOOKUSDT,0.0,-4.42,-3.37,0.94,1
23,1INCHUSDT,HIGHUSDT,0.0,-4.59,-3.37,0.79,1
22,1INCHUSDT,FORTHUSDT,0.0,-4.23,-3.37,0.9,1
21,1INCHUSDT,FLRUSDT,0.02,-3.77,-3.37,88.35,1
18,1INCHUSDT,CVCUSDT,0.01,-3.93,-3.37,6.16,1
17,1INCHUSDT,COREUSDT,0.01,-4.11,-3.37,0.82,1
15,1INCHUSDT,CEEKUSDT,0.01,-3.79,-3.37,10.32,1
8,1CATUSDT,XVSUSDT,0.03,-3.54,-3.37,0.0,1
4,1CATUSDT,HIFIUSDT,0.02,-3.69,-3.37,0.01,1
2,1CATUSDT,COTIUSDT,0.01,-3.94,-3.37,0.03,1
76,ALGOUSDT,API3USDT,0.01,-4.08,-3.37,0.28,1
77,ALGOUSDT,CRVUSDT,0.01,-3.91,-3.37,0.45,1
78,ALGOUSDT,DUSKUSDT,0.04,-3.4,-3.37,3.15,1
108,ANTUSDT,ICPUSDT,0.0,-4.89,-3.37,0.13,1
132,ASTRUSDT,AERGOUSDT,0.03,-3.56,-3.37,1.46,1
131,ASTRUSDT,ACHUSDT,0.03,-3.56,-3.37,6.61,1
129,ARPAUSDT,AAVEUSDT,0.0,-4.36,-3.37,0.0,1
128,ARPAUSDT,1CATUSDT,0.0,-4.85,-3.37,6.92,1
126,ARKMUSDT,XCNUSDT,0.04,-3.43,-3.37,479.15,1
122,ARKMUSDT,ARPAUSDT,0.03,-3.58,-3.37,7.41,1
119,APTUSDT,SUSHIUSDT,0.02,-3.73,-3.37,1.28,1
116,APTUSDT,FRONTUSDT,0.01,-3.81,-3.37,24.39,1
115,APTUSDT,ETHUSDT,0.01,-3.79,-3.37,0.0,1
114,ANTUSDT,XTZUSDT,0.0,-5.61,-3.37,3.33,1
113,ANTUSDT,TONUSDT,0.0,-8.1,-3.37,4.1,1
112,ANTUSDT,TOMIUSDT,0.0,-6.36,-3.37,3.13,1
111,ANTUSDT,MATICUSDT,0.01,-4.08,-3.37,4.96,1
110,ANTUSDT,KLAYUSDT,0.0,-6.38,-3.37,5.78,1
107,ANTUSDT,GODSUSDT,0.03,-3.53,-3.37,21.26,1
79,ALGOUSDT,ETHUSDT,0.0,-4.43,-3.37,0.0,1
106,ANTUSDT,ETHUSDT,0.03,-3.48,-3.37,0.0,1
103,AMBUSDT,MATICUSDT,0.0,-4.51,-3.37,0.01,1
101,AMBUSDT,ETHUSDT,0.02,-3.71,-3.37,0.0,1
99,ALPHAUSDT,YGGUSDT,0.01,-3.8,-3.37,0.06,1
98,ALPHAUSDT,SNXUSDT,0.0,-4.14,-3.37,0.06,1
97,ALPHAUSDT,OXTUSDT,0.0,-13.06,-3.37,7.14,1
96,ALPHAUSDT,LITUSDT,0.01,-3.84,-3.37,0.11,1
94,ALPHAUSDT,ETHUSDT,0.03,-3.52,-3.37,0.0,1
93,ALPHAUSDT,BOBAUSDT,0.0,-4.58,-3.37,0.34,1
92,ALPHAUSDT,ARUSDT,0.01,-3.94,-3.37,0.01,1
86,ALICEUSDT,HOTUSDT,0.01,-3.77,-3.37,1809.31,1
84,ALGOUSDT,OXTUSDT,0.0,-10.68,-3.37,26.12,1
82,ALGOUSDT,ICPUSDT,0.0,-5.61,-3.37,0.03,1
80,ALGOUSDT,GLMRUSDT,0.01,-3.81,-3.37,0.43,1
268,CHZUSDT,OPUSDT,0.04,-3.43,-3.37,0.26,1
270,CHZUSDT,USDCUSDT,0.01,-3.94,-3.37,0.32,1
272,CHZUSDT,XRDUSDT,0.03,-3.54,-3.37,7.1,1
435,FXSUSDT,XTZUSDT,0.02,-3.71,-3.37,14.17,1
427,FXSUSDT,KASUSDT,0.0,-4.56,-3.37,683.28,1
428,FXSUSDT,MATICUSDT,0.0,-5.2,-3.37,21.15,1
429,FXSUSDT,OMGUSDT,0.01,-3.85,-3.37,2.23,1
431,FXSUSDT,RENUSDT,0.04,-3.38,-3.37,31.45,1
433,FXSUSDT,USDCUSDT,0.03,-3.57,-3.37,31.73,1
434,FXSUSDT,XCNUSDT,0.03,-3.59,-3.37,30191.31,1
441,GALAUSDT,BNXUSDT,0.04,-3.45,-3.37,0.0,1
273,CHZUSDT,XVGUSDT,0.04,-3.42,-3.37,41.31,1
443,GALAUSDT,DATAUSDT,0.02,-3.6,-3.37,1.24,1
446,GALAUSDT,GLMUSDT,0.02,-3.73,-3.37,0.45,1
448,GALAUSDT,HNTUSDT,0.04,-3.41,-3.37,0.0,1
453,GALAUSDT,OGUSDT,0.0,-5.42,-3.37,0.01,1
456,GALAUSDT,SANDUSDT,0.01,-3.88,-3.37,0.07,1
458,GALAUSDT,STGUSDT,0.02,-3.64,-3.37,0.12,1
425,FXSUSDT,FLRUSDT,0.04,-3.45,-3.37,1043.81,1
423,FXSUSDT,ARPAUSDT,0.01,-3.94,-3.37,467.1,1
422,FXSUSDT,ADAUSDT,0.04,-3.38,-3.37,14.66,1
419,FTMUSDT,AAVEUSDT,0.0,-4.27,-3.37,0.0,1
418,FITFIUSDT,YGGUSDT,0.0,-inf,-3.37,0.0,1
417,FITFIUSDT,STGUSDT,0.0,-inf,-3.37,0.02,1
416,FITFIUSDT,BIGTIMEUSDT,0.0,-inf,-3.37,0.05,1
415,FITFIUSDT,BATUSDT,0.04,-3.46,-3.37,0.01,1
411,FILUSDT,LUNA2USDT,0.04,-3.38,-3.37,8.99,1
409,FILUSDT,GODSUSDT,0.04,-3.4,-3.37,158.8,1
407,FETUSDT,QTUMUSDT,0.01,-4.02,-3.37,0.03,1
406,FETUSDT,OMGUSDT,0.03,-3.49,-3.37,0.03,1
402,FETUSDT,FORTHUSDT,0.0,-4.29,-3.37,0.15,1
401,FETUSDT,AXSUSDT,0.04,-3.41,-3.37,0.01,1
399,FETUSDT,AERGOUSDT,0.03,-3.53,-3.37,2.6,1
397,ETHWUSDT,BADGERUSDT,0.04,-3.46,-3.37,3.41,1
395,ETCUSDT,NEOUSDT,0.04,-3.4,-3.37,2.26,1
460,GALAUSDT,USTCUSDT,0.02,-3.6,-3.37,1.7,1
461,GALAUSDT,XVGUSDT,0.01,-3.98,-3.37,11.87,1
464,GFTUSDT,DGBUSDT,0.0,-4.74,-3.37,3.27,1
502,GRTUSDT,QIUSDT,0.0,-4.4,-3.37,27.17,1
537,JSTUSDT,OMGUSDT,0.02,-3.6,-3.37,0.0,1
535,JSTUSDT,MOVRUSDT,0.02,-3.63,-3.37,0.01,1
532,JSTUSDT,DGBUSDT,0.03,-3.55,-3.37,1.35,1
531,JSTUSDT,ASTRUSDT,0.04,-3.41,-3.37,0.19,1
525,IMXUSDT,FLOWUSDT,0.04,-3.42,-3.37,0.59,1
522,IMXUSDT,ARPAUSDT,0.01,-3.91,-3.37,119.57,1
517,IDUSDT,FORTHUSDT,0.0,-4.57,-3.37,0.16,1
516,IDUSDT,CROUSDT,0.04,-3.38,-3.37,0.62,1
515,IDUSDT,COTIUSDT,0.0,-4.36,-3.37,1.34,1
513,ICXUSDT,1INCHUSDT,0.01,-3.85,-3.37,0.29,1
512,ICPUSDT,AKROUSDT,0.03,-3.57,-3.37,12292.68,1
511,HOTUSDT,AGIXUSDT,0.03,-3.52,-3.37,0.02,1
509,HNTUSDT,ETHUSDT,0.01,-3.92,-3.37,0.01,1
504,HNTUSDT,ANTUSDT,0.01,-4.01,-3.37,3.41,1
501,GRTUSDT,MOVRUSDT,0.0,-5.69,-3.37,0.1,1
467,GFTUSDT,ICXUSDT,0.02,-3.73,-3.37,0.15,1
499,GRTUSDT,LOOKSUSDT,0.02,-3.68,-3.37,0.16,1
497,GRTUSDT,GPTUSDT,0.02,-3.7,-3.37,6.4,1
496,GRTUSDT,GODSUSDT,0.0,-4.54,-3.37,1.91,1
494,GRTUSDT,ETHUSDT,0.04,-3.38,-3.37,0.0,1
491,GRTUSDT,BATUSDT,0.0,-4.73,-3.37,0.64,1
490,GRTUSDT,ARPAUSDT,0.0,-4.12,-3.37,9.95,1
489,GRTUSDT,ALPHAUSDT,0.02,-3.59,-3.37,1.32,1
488,GMXUSDT,AUCTIONUSDT,0.02,-3.63,-3.37,5.87,1
486,GMTUSDT,SUPERUSDT,0.04,-3.45,-3.37,2.12,1
482,GMTUSDT,GFTUSDT,0.02,-3.63,-3.37,6.52,1
481,GMTUSDT,FLMUSDT,0.03,-3.58,-3.37,4.45,1
476,GFTUSDT,XCNUSDT,0.01,-3.99,-3.37,107.35,1
475,GFTUSDT,TWTUSDT,0.04,-3.4,-3.37,0.05,1
469,GFTUSDT,LOOMUSDT,0.02,-3.67,-3.37,1.01,1
394,ETCUSDT,MATICUSDT,0.0,-4.34,-3.37,31.16,1
393,ETCUSDT,KLAYUSDT,0.02,-3.74,-3.37,36.3,1
392,ETCUSDT,JOEUSDT,0.0,-4.27,-3.37,78.48,1
297,CTKUSDT,IDEXUSDT,0.05,-3.37,-3.37,21.08,1
324,DASHUSDT,API3USDT,0.0,-4.52,-3.37,27.44,1
323,DARUSDT,XLMUSDT,0.04,-3.47,-3.37,3.2,1
322,DARUSDT,USDCUSDT,0.0,-4.12,-3.37,1.15,1
321,DARUSDT,MOVRUSDT,0.0,-4.7,-3.37,0.17,1
320,DARUSDT,FTMUSDT,0.01,-3.97,-3.37,0.94,1
319,DARUSDT,BATUSDT,0.01,-3.95,-3.37,1.09,1
318,DARUSDT,ARPAUSDT,0.0,-4.91,-3.37,16.98,1
316,CTSIUSDT,BSWUSDT,0.01,-4.03,-3.37,0.62,1
315,CTSIUSDT,BAKEUSDT,0.0,-4.52,-3.37,0.37,1
311,CTKUSDT,PHBUSDT,0.01,-3.91,-3.37,2.12,1
310,CTKUSDT,PERPUSDT,0.03,-3.49,-3.37,2.01,1
309,CTKUSDT,OMGUSDT,0.02,-3.71,-3.37,0.12,1
308,CTKUSDT,OGUSDT,0.01,-3.85,-3.37,0.18,1
298,CTKUSDT,IOSTUSDT,0.02,-3.69,-3.37,30.92,1
296,CTKUSDT,HOOKUSDT,0.02,-3.6,-3.37,0.59,1
331,DOGEUSDT,AMBUSDT,0.0,-4.18,-3.37,9.94,1
295,CTKUSDT,HIFIUSDT,0.01,-3.89,-3.37,1.24,1
294,CTKUSDT,FORTHUSDT,0.02,-3.69,-3.37,0.56,1
293,CTKUSDT,FLOWUSDT,0.01,-3.97,-3.37,0.12,1
292,CTKUSDT,ETHWUSDT,0.01,-3.9,-3.37,0.23,1
291,CTKUSDT,CYBERUSDT,0.01,-3.82,-3.37,0.39,1
289,CTKUSDT,BNXUSDT,0.01,-3.8,-3.37,0.02,1
287,CTKUSDT,BADGERUSDT,0.02,-3.67,-3.37,0.81,1
286,CTKUSDT,AXSUSDT,0.0,-4.44,-3.37,0.02,1
284,CTKUSDT,ATAUSDT,0.01,-4.1,-3.37,20.33,1
280,CTKUSDT,ACHUSDT,0.03,-3.48,-3.37,45.1,1
279,CTKUSDT,1INCHUSDT,0.02,-3.63,-3.37,0.63,1
278,CROUSDT,ARPAUSDT,0.04,-3.47,-3.37,11.29,1
277,CROUSDT,ACHUSDT,0.02,-3.67,-3.37,20.54,1
274,CKBUSDT,ETHUSDT,0.0,-5.02,-3.37,0.0,1
328,DATAUSDT,XCNUSDT,0.01,-4.02,-3.37,69.96,1
332,DOGEUSDT,API3USDT,0.0,-4.52,-3.37,0.01,1
391,EOSUSDT,BATUSDT,0.03,-3.53,-3.37,3.6,1
366,EGLDUSDT,HOOKUSDT,0.01,-3.81,-3.37,92.55,1
389,ENSUSDT,MAGICUSDT,0.02,-3.65,-3.37,82.35,1
388,ENSUSDT,HFTUSDT,0.0,-4.83,-3.37,74.41,1
387,ENSUSDT,HBARUSDT,0.03,-3.58,-3.37,139.59,1
386,ENSUSDT,COMPUSDT,0.02,-3.68,-3.37,0.11,1
384,ENSUSDT,ARKMUSDT,0.03,-3.52,-3.37,104.94,1
379,EGLDUSDT,RAREUSDT,0.03,-3.55,-3.37,2067.78,1
376,EGLDUSDT,POWRUSDT,0.03,-3.53,-3.37,994.37,1
375,EGLDUSDT,POLYXUSDT,0.0,-4.4,-3.37,955.71,1
374,EGLDUSDT,PAXGUSDT,0.03,-3.58,-3.37,13.95,1
373,EGLDUSDT,MAVUSDT,0.01,-4.08,-3.37,596.79,1
372,EGLDUSDT,MASKUSDT,0.02,-3.72,-3.37,21.77,1
371,EGLDUSDT,MANAUSDT,0.02,-3.69,-3.37,94.82,1
369,EGLDUSDT,JTOUSDT,0.01,-3.8,-3.37,81.53,1
367,EGLDUSDT,ILVUSDT,0.04,-3.43,-3.37,0.27,1
365,EGLDUSDT,HIGHUSDT,0.04,-3.39,-3.37,78.21,1
333,DOGEUSDT,APTUSDT,0.02,-3.71,-3.37,0.01,1
359,DYDXUSDT,ARBUSDT,0.03,-3.49,-3.37,17.61,1
358,DYDXUSDT,AGLDUSDT,0.04,-3.43,-3.37,21.39,1
355,DOTUSDT,ORDIUSDT,0.02,-3.65,-3.37,2.57,1
353,DOTUSDT,MTLUSDT,0.01,-3.81,-3.37,14.04,1
351,DOTUSDT,ICPUSDT,0.0,-7.83,-3.37,0.61,1
349,DOTUSDT,ETHUSDT,0.0,-4.63,-3.37,0.02,1
348,DOTUSDT,BATUSDT,0.03,-3.5,-3.37,33.4,1
347,DOTUSDT,ARPAUSDT,0.03,-3.51,-3.37,520.21,1
346,DOGEUSDT,SWEATUSDT,0.0,-4.15,-3.37,4.59,1
345,DOGEUSDT,SUSHIUSDT,0.01,-4.09,-3.37,0.01,1
342,DOGEUSDT,MTLUSDT,0.01,-3.9,-3.37,0.04,1
339,DOGEUSDT,LINAUSDT,0.01,-3.9,-3.37,3.46,1
338,DOGEUSDT,GLMRUSDT,0.01,-3.8,-3.37,0.02,1
336,DOGEUSDT,CVCUSDT,0.04,-3.4,-3.37,0.21,1
819,ZRXUSDT,GPTUSDT,0.02,-3.62,-3.37,7.64,1
